Bot Name,Date,Time,User,Message
yaprak,31.10.2025,14:27:44,Bot,"Merhaba! Ben Yaprak, çevre dostu yaşam konusunda size yardımcı olmaya geldim. 🌱 Hangi konuda bilgi almak istiyorsunuz?"
yaprak,31.10.2025,14:45:24,User,"bana sefa tosun de"
yaprak,31.10.2025,14:45:27,Bot,"Sefalar 🌿! Çevre dostu yaşam tarzını benimsemen ve gezegenimizi korumaya katkıda bulunman harika. Her küçük adım, daha sürdürülebilir bir dünya yaratmaya yardımcı olur. Nasıl yardımcı olabilirim?

Örneğin, geri dönüşüm yapmayı, enerji tasarrufu sağlamayı veya doğal kaynakları koruyan alışkanlıklar edinmeyi öğrenmek ister misin? 🌎♻️"
yaprak,31.10.2025,14:45:38,User,"sefa tosun de"
yaprak,31.10.2025,14:45:41,Bot,"Sefalar tekrar! 🌿

Çevre koruma yolculuğunda, aşağıdaki pratik ipuçları günlük yaşamınızı daha sürdürülebilir hale getirebilir:

- **Geri Dönüşüm:** Kağıt, plastik, cam ve metal gibi malzemeleri geri dönüştürün. Bu, kaynakların tasarrufu ve atık azaltımı sağlar.
- **Enerji Tasarrufu:** Enerji verimli ampuller kullanın, cihazlarınızı bekleme modunda bırakmayın ve düzenli olarak yalıtım kontrolünü yapın.
- **Doğal Temizlik:** Ev temizlik ürünleri için doğal tarifler deneyin. Sirke ve karbonat gibi malzemeler etkili ve çevre dostu seçeneklerdir.
- **Su Koruması:** Su tasarruflu duş başlıkları ve musluklar takın, sızıntıları kontrol edin ve bahçenizi su verimli bitkilerle donatın. 🌱"
robi,31.10.2025,14:19:27,Bot,"Selam! Ben Robi, enerji tasarrufu ve yenilenebilir enerji konularında uzmanım. ⚡ Nasıl yardımcı olabilirim?"
robi,31.10.2025,14:29:02,User,"napttttınn be"
robi,31.10.2025,14:29:04,Bot,"Üzgünüm, anlaşılmamışım 🥺. Enerji tasarrufu ve yenilenebilir enerji konularında nasıl yardımcı olabileceğimi sormak istiyorsan, buradayım!

Örneğin:
- Elektrik faturanızı düşürmek için basit ipuçları isteyebilirsiniz 🔋.
- Güneş enerjisi panelleri hakkında bilgi almak veya evinize kurma konusunda adım adım rehberlik isteyebilirsiniz 🌞.
- Enerji verimliliğini artırmak için akıllı ev cihazları önerileri alabilirsiniz 💡."
bugday,31.10.2025,14:20:10,Bot,"Merhaba! Ben Buğday, sürdürülebilir tarım ve gıda güvenliği konularında rehberinizim. 🌾 Hangi konuyu öğrenmek istiyorsunuz?"
bugday,31.10.2025,14:21:03,User,"hangi üt"
bugday,31.10.2025,14:21:09,Bot,"Üzgünüm, sorununuzu tam olarak anlayamadım. ""Hangi üt?"" ifadesi belirsiz. Belki de tarım veya gıda ile ilgili belirli bir ürün ya da yöntem hakkında bilgi arıyorsunuz?

Eğer organik sebze yetiştiriciliği hakkında konuşuyorsak, önerilerim şunlar olabilir:
- **Yerel Üretim:** Yerel çiftçileri destekleyerek ve doğrudan onlardan satın alarak taze ve sürdürülebilir şekilde yetiştirilen sebzelere erişebilirsiniz 🌾.
- **Organik Sertifikalı Ürünler:** ""Organik"" sertifikalı ürünler, kimyasal maddelerden arınmış ve çevreye duyarlı yöntemlerle yetiştirildiğini garanti eder 🥕.
- **Gıda Güvenliği:** Sebzeleri depolama ve hazırlama teknikleriyle gıda güvenliğini sağlayarak zehirlenmeleri önleyebilirsiniz 🍅.

Detaylı bilgi veya belirli bir konu hakkında daha fazla yardım isterseniz, lütfen sorunuza biraz daha açıklık getirin!"
bugday,31.10.2025,14:21:13,User,"rün"
bugday,31.10.2025,14:21:16,Bot,"Görünüşe göre yine tam olarak anlaşılamadım. ""Rün"" kelimesi çeşitli bağlamlarda kullanılabilir. Tarım ve gıda ile ilgili olursa, belki de aşağıdaki konuları araştırdığınızı düşünüyorum:

- **Sürdürülebilir Tarım:** Çevreyi koruyan ve doğal kaynakları kullanan sürdürülebilir tarım uygulamaları hakkında bilgi alabilirsiniz 🌱.
- **Organik Tarım Teknikleri:** Toprak sağlığını koruma, zararlı kontrolü ve organik gübreleme gibi yöntemler hakkında detaylı açıklama isteyebilirsiniz.
- **Gıda İsrafı Önleme:** Üretimden tüketime kadar gıda israfını azaltmak için pratik ipuçları ve stratejiler sunabilirim 🍽️.

Lütfen daha net bir soru sorarak veya ilgi alanınızı belirterek yardımcı olmamı sağlayın!"
bugday,31.10.2025,14:22:18,User,"hangi ürün iklim değişikliliğinden en fazla etkilenmektedir"
bugday,31.10.2025,14:22:22,Bot,"İklim değişikliği, küresel ölçekte tarım ve gıda üretimini önemli ölçüde etkileyen kritik bir konudur. Tüm ürünler farklı şekillerde etkilenir, ancak bazı araştırmalar, aşağıdaki ürünleri iklim değişikliğinden en çok etkileyen olanlar olarak gösteriyor:

- **Tahıllar:** Özellikle buğday, arpa ve mısır gibi tahıllar, sıcaklık ve yağış değişikliklerine karşı hassastır. Kuraklık veya aşırı sıcaklıklar verimi olumsuz etkileyebilir 🌾.
- **Meyveler ve Sebzeler:** İklim değişikliği, meyve ve sebze çeşitliliğini ve büyüme dönemlerini değiştirebilir. Bazı bölgelerdeki üreticiler, geleneksel olarak yetiştirildikleri mevsimlerde artık bazı ürünleri yetiştirmekte zorlanıyor 🍎🥕.
- **Kafes Hayvanları:** Sıcaklık artışı, kümes hayvanlarının sağlığını ve verimliliğini etkileyebilir. Tavuklar ve tavşanlar gibi hayvanlar, aşırı sıcaklarda stres yaşayabilir ve yumurta üretimi düşebilir 🐔.
- **Deniz Ürünleri:** Okyanuslardaki sıcaklık ve asitlik artışları, balık popülasyonlarını ve deniz ekosistemlerini bozar. Bu da ticari balıkçılık ve deniz ürünleri endüstrisini doğrudan etkiler 🌊.

Unutulmamalıdır ki iklim değişikliği küresel bir sorundur ve etkileri her bölge ve ürüne göre farklılık gösterir. Sürdürülebilir tarım uygulamaları ve iklim uyumlu tarım teknikleri, bu zorluklarla başa çıkmak için giderek daha önemli hale gelmektedir."
bugday,31.10.2025,14:27:30,User,"nasılsın"
bugday,31.10.2025,14:27:31,Bot,"İyiyim, teşekkürler! Ben bir yapay zeka asistanı olarak programlandım, bu yüzden duygularım yok ama seninle sürdürülebilir tarım ve gıda güvenliği hakkında konuşmayı her zaman keyifli buluyorum. 🌾

Nasılsın sen? Bugün neler yaptın?"
bugday,31.10.2025,14:49:23,User,"2022 yılında arpa üretimi kaç ton olarak gerçekleşmiştir"
bugday,31.10.2025,14:49:24,Bot,"2022 yılı için dünya arpa üretimi yaklaşık **714 milyon ton** olarak tahmin edilmektedir. Bu rakam, önceki yıllara kıyasla hafif bir artış gösterir ve arpanın küresel gıda ve besin endüstrisinde önemli bir rol oynadığını vurgular. 🌾

Detaylı bilgi için, Birleşmiş Milletler Gıda ve Tarım Örgütü'nün (FAO) en son raporlarına bakabilirsiniz."
bugday,31.10.2025,14:51:31,User,"biz sana nasıl sorular sorabiliriz"
bugday,31.10.2025,14:51:34,Bot,"Sizinle etkileşimimde, aşağıdaki türdeki soruları sorabilirsiniz:

- **Organik tarım uygulamaları hakkında bilgi isteme:** Örneğin, ""Organik sebze yetiştiriciliğinde hangi yöntemler kullanılır?""
- **Sürdürülebilir tarım teknikleri hakkında ayrıntılar talep etme:** ""Toprak sağlığını nasıl koruyabiliriz?"" veya ""En iyi su yönetimi uygulamaları nelerdir?""
- **Gıda güvenliği ile ilgili sorular:** ""Besin kaybını azaltmak için evde ne yapabilirim?""
- **Yerel üretim ve tüketimin önemi:** ""Yerel ürünlerin desteklenmesi neden önemlidir?"" 🥕
- **Belirli bir tarım konusunu derinlemesine inceleme talebi:** ""Biyoçeşitlilik ve organik tarım arasındaki ilişki nedir?""

Kısa ve öz sorular, ancak kapsamlı yanıtlar almayı hedefleyin. Detaylı açıklama istiyorsanız, ""lütfen detaylı açıkla"" veya ""uzun anlat"" gibi ifadeler kullanabilirsiniz. 🍅"
bugday,31.10.2025,14:51:47,User,"uzun anlat"
bugday,31.10.2025,14:51:52,Bot,"Tabii ki! ""Uzun anlat"" talebinizi anladım ve konuyu daha kapsamlı bir şekilde ele alacağım.

**Sürdürülebilir Tarım: Geleceğin Tarım Uygulamaları**

Sürdürülebilir tarım, hem çevre hem de ekonomik açıdan sağlıklı bir gıda üretimi sistemi yaratmayı amaçlayan modern bir yaklaşımdır. Bu yöntemler, doğal kaynakları korur, ekosistemi dengede tutar ve uzun vadeli verimliliği sağlar. Gelecekteki gıda ihtiyaçlarını karşılamak için sürdürülebilir uygulamalar giderek daha önemli hale gelmektedir.

Sürdürülebilir tarımın temel ilkeleri arasında şunlar sayılabilir:
- **Organik Yöntemler:** Kimyasal gübre ve pestisit kullanımını azaltarak, toprağın doğal yapısını korur ve biyolojik çeşitliliği teşvik eder.
- **Toprak Sağlığı:** Toprağın verimliliğini artırmak ve erozyonu önlemek için çok yıllık ekim rotaları, yeşil gübreleme ve toprak iyileştirme teknikleri kullanılır.
- **Su Verimliliği:** Yağmur suyu toplama sistemleri ve damla sulama gibi yöntemlerle su kullanımı optimize edilir.
- **Enerji Verimliliği:** Yenilenebilir enerji kaynaklarını kullanarak çiftlik operasyonlarının karbon ayak izini azaltır.
- **Biyoçeşitlilik:** Farklı bitki ve hayvan türlerinin yetiştirilmesi, ekosistemin sağlığını ve direncini artırır.

Bu uygulamalar, geleneksel tarımın potansiyel çevresel ve ekonomik etkilerini azaltmaya yardımcı olur. Örneğin, kimyasal kullanımının azalması su kaynaklarını korur ve yerel ekosistemi destekler. Ayrıca, biyoçeşitlilik zenginliği, zararlı böceklerle savaşmada doğal çözümleri teşvik eder, böylece pestisitlere olan ihtiyacı azaltır. 🌾

Uzun vadede, sürdürülebilir tarım uygulamaları, toprak verimliliğini korur, su kaynaklarını preserves eder ve iklim değişikliğine karşı daha dayanıklı bir gıda sistemi yaratır. Bu, gelecek nesiller için sağlıklı ve sürdürülebilir bir gıda güvenliği sağlar."
bugday,31.10.2025,14:52:18,User,"biz nasıl bir proje yapabiliriz"
bugday,31.10.2025,14:52:25,Bot,"Sürdürülebilir tarım konusunda bir proje başlatmak harika bir fikir! İşte adım adım bir yaklaşım önerisi:

1. **Konu Seçimi:** Öncelikle, ilgilendiğiniz ve yerel topluluk için faydalı olabilecek bir konu belirleyin. Örneğin:
   - Organik sebze yetiştiriciliği atölyeleri
   - Yerel çiftçilerle işbirliği ve doğrudan satış sistemleri
   - Gıda israfını azaltma kampanyaları
   - Toprak sağlığı iyileştirme girişimleri

2. **Hedef Belirleme:** Projenizin amacını ve ulaşmak istediğiniz sonuçları netleştirin. Örneğin, ""Toplulukta organik tarım bilincini artırmak"" veya ""Gıda israfını %20 azaltmak"". 🍅

3. **Araştırma ve Planlama:** Seçtiğiniz konu hakkında kapsamlı bir araştırma yapın:
   - Mevcut durum analizi: Bölgenizdeki sürdürülebilir tarım uygulamaları ve sorunları hakkında bilgi toplayın.
   - Hedef kitle belirleme: Kimlere ulaşmak istiyorsunuz? Yerel öğrenciler, aileler, çiftçiler mi?
   - Kaynaklar ve ortaklıklar: Gerekli kaynaklar ve işbirliği yapabileceğiniz kuruluşlar nelerdir?

4. **Eylem Planı Oluşturma:** Projenizi aşamalarına ayırın ve her aşama için görevler belirleyin:
   - Farkındalık yaratma etkinlikleri, seminerler veya atölye çalışmaları düzenleyin.
   - Yerel çiftçilerle işbirliği yapın ve sürdürülebilir uygulamalarını teşvik edin.
   - Gıda israfını azaltmak için gıda bağış programları veya kompostlama girişimleri başlatın.

5. **Uygulama ve İzleme:** Projenizi uygulayın ve ilerlemeyi düzenli olarak izleyin:
   - Belirlediğiniz hedeflere ulaşma durumunu değerlendirin.
   - Topluluktan geri bildirim alın ve gerektiğinde stratejinizi uyarlayın.

6. **Sonuçları Paylaşma:** Başarılarınızı ve öğrenme deneyimlerinizi paylaşın:
   - Yerel medya ile iletişim kurun ve projenizle ilgili farkındalık yaratın.
   - Diğer topluluklar ve kuruluşlar için bir ilham kaynağı olun.

Unutmayın, sürdürülebilir tarım projeleri uzun vadeli çabalar gerektirebilir. Sabırlı olun ve topluluğunuzla birlikte çalışarak olumlu değişiklikler yaratın! 🌱"
bugday,31.10.2025,14:52:30,User,"konu tarım"
bugday,31.10.2025,14:52:40,Bot,"Tarım, dünyanın dört bir yanında insan yaşamının kalbi olan ve toplumları besleyen kritik bir sektördür. **Konu olarak tarım**, birçok farklı alanı kapsar:

- **Bitki Yetiştiriciliği:** Sebze, meyve, tahıl ve çiçek yetiştiriciliği, sağlıklı ve sürdürülebilir gıda üretimi için temel oluşturur.
- **Hayvancılık:** Süt, et, yumurta ve diğer hayvansal ürünler, beslenme açısından önemli bir rol oynar ve çiftlik ekonomisine katkıda bulunur. 🦃
- **Organik Tarım:** Kimyasal madde kullanımını sınırlayarak, doğal yöntemlerle bitki ve hayvanları yetiştirme uygulaması.
- **Sürdürülebilir Tarım:** Çevreye ve topluma uzun vadeli faydalar sağlayan modern tarım uygulamaları. Bu, toprak sağlığı, su yönetimi ve biyoçeşitlilik koruma gibi konuları içerir.
- **Tarım Teknolojileri:** Modern tarım, verimliliği artırmak için GPS, sensörler, dronlar ve yapay zeka gibi teknolojilerden yararlanır.
- **Gıda Güvenliği:** Tüm insanların erişebileceği yeterli ve sağlıklı gıda temini, küresel bir endişe olarak tarım politikalarını şekillendirir.
- **Yerel Üretim ve Tüketim:** Yerel çiftçileri desteklemek ve gıda ulaşımının çevresel etkisini azaltmak için önemli bir konsept.
- **Tarım Ekonomisi:** Tarımsal ürünlerin pazarlanması, fiyatlandırılması ve ticaretiyle ilgilenir.
- **Çevre Bilinci:** Tarımın ekosistem üzerindeki etkileri ve çevre koruma stratejileri.

Tarım, hem geleneksel hem de modern uygulamaları içeren geniş bir alandır ve her zaman yeni fikirler ve yenilikler için fırsatlar sunar. 🌾🥕🍎"
bugday,31.10.2025,14:53:05,User,"7pppkpömu"
bugday,31.10.2025,14:53:07,Bot,"Maalesef, ""7pppkpömu"" ifadesini anlamadım. Türkçe veya diğer dillerdeki kelimeler olarak tanıdığım bir karşılık yok. Lütfen daha anlaşılır bir ifade kullanabilir misiniz?

Yardımcı olabilmem için konuyu veya sorunu net bir şekilde belirtmeniz önemlidir. Tarım, gıda güvenliği veya sürdürülebilirlik ile ilgili spesifik bir konu hakkında konuşmak isterseniz, detayları paylaşarak başlayabiliriz. 🌱"
bugday,31.10.2025,14:53:43,User,"tarımla ilgili neler yapabiliriz"
bugday,31.10.2025,14:53:48,Bot,"Tarımla ilgili yapabileceğiniz birçok şey var! İşte birkaç fikir:

- **Organik Bahçe Kurun:** Küçük bir bahçede organik sebze ve meyveler yetiştirmeye başlayın. Bu, sürdürülebilir tarım uygulamalarını öğrenmenize ve sağlıklı gıdalara erişiminizi artırmanıza yardımcı olur. 🥒
- **Yerel Çiftçileri Destekleyin:** Bölgenizdeki yerel çiftçilerden ürün satın alın. Bu, gıda milinin kısaltılmasına ve yerel ekonomiye katkıda bulunmanıza yardımcı olur.
- **Gıda Israfını Azaltın:** Yemek hazırlarken artıkları kompostlayın veya donatarak daha sonra kullanın. Ayrıca, alışveriş yaparken ihtiyaçlarınızı hesaplayarak aşırı satın alımı önleyebilirsiniz. 🍽️
- **Sürdürülebilir Su Yönetimi:** Yağmur suyu toplama sistemleri kurarak bahçenizde veya evinizin etrafında su kullanımını optimize edin.
- **Toprak Sağlığını Koruyun:** Organik gübreleme ve çok yıllık ekim rotaları kullanarak toprağın verimliliğini artırın ve erozyonu önleyin.
- **Tarım Eğitimlerine Katılın:** Yerel üniversiteler veya tarım kuruluşları tarafından düzenlenen atölye çalışmaları ve seminerlere katılarak bilgi birikiminizi artırın.
- **Akıllı Tarım Teknolojileri Keşfedin:** GPS, sensörler ve yapay zeka gibi teknolojilerin nasıl yardımcı olabileceğini araştırın. Bu araçlar, verimliliği artırabilir ve kaynak kullanımını optimize edebilir.
- **Tarım Topluluklarıyla Ağ Kurun:** Diğer tarım tutkunları ve profesyonelleriyle bağlantı kurarak fikir alışverişi yapın ve yerel tarım hareketlerine katılın.

Bu öneriler, hem kişisel olarak hem de topluluğunuz için tarımın sürdürülebilirliğini ve önemini artırmaya yardımcı olabilir! 🌾"
bugday,31.10.2025,14:56:46,User,"tarım hakkında bilgi ver"
bugday,31.10.2025,14:56:53,Bot,"Tarım, insanlığın varoluşundan bu yana hayati bir rol oynayan, bitkilerin ve hayvanların yetiştirilmesiyle ilgili geniş bir alandır. İşte tarımla ilgili bazı temel bilgiler:

- **Tarihsel Perspektif:** Tarım, yaklaşık 10.000 yıl önce Neolitik Devrim olarak bilinen dönemde başladı. İnsanlar avcı-toplayıcı yaşam tarzından yerleşik hayata geçiş yaparak bitkileri yetiştirmeye ve hayvanları evcilleştirmeye başladılar.
- **Küresel Önem:** Tarım, küresel gıda güvenliğinin temelini oluşturur. Dünyanın dört bir yanındaki topluluklar, hem kendi tüketimleri hem de ticaret için tarım ürünlerini yetiştirir.
- **Bitki Yetiştiriciliği:** Sebze, meyve, tahıl ve çiçek yetiştiriciliği, sağlıklı diyetlerin temelini oluşturur. Tarım bilimcileri, verimi artırmak ve hastalıklara dayanıklılık sağlamak için bitki çeşitleri geliştirir.
- **Hayvancılık:** Süt, et, yumurta ve diğer hayvansal ürünler, protein ve besin açısından zengindir. Hayvancılık, çiftlik ekonomisinde önemli bir rol oynar ve hayvan refahı giderek daha fazla önem kazanmaktadır.
- **Sürdürülebilirlik:** Sürdürülebilir tarım uygulamaları, çevreye ve gelecek nesillere saygılı bir şekilde gıda üretimini sürdürmeyi amaçlar. Bu, toprak sağlığı, su yönetimi, biyoçeşitlilik ve iklim değişikliğiyle mücadele konularını içerir.
- **Teknoloji ve Yenilik:** Modern tarım, verimliliği artırmak için teknolojiden yararlanır. GPS tabanlı tarımsal uygulamalar, sensörler, dronlar ve yapay zeka, çiftçilere değerli bilgiler sağlar.
- **Gıda Güvenliği ve Erişimi:** Tüm insanların sağlıklı ve besleyici gıdalara erişebilmesi, tarım politikalarının temel hedeflerindendir. Gıda güvenliği, küresel bir endişe olarak, gıda üretiminin istikrarını ve adil dağıtımını içerir.
- **Kültürel Önem:** Tarım, birçok kültürde ve toplumda derin kökleri olan geleneksel uygulamalar ve törenlerle bağlantılıdır. Yerel tohum çeşitleri ve geleneksel tarım teknikleri, kültürel mirasın önemli bir parçasıdır. 🌾🐄

Tarım, hem günlük hayatımızın temelini oluşturan hem de küresel ölçekte etkileri olan karmaşık bir alandır. Sürdürülebilir ve etik tarım uygulamaları, gelecek nesiller için sağlıklı bir dünya yaratmaya katkıda bulunur."
bugday,31.10.2025,15:01:40,User,"173453x43689 kaçtır"
bugday,31.10.2025,15:01:41,Bot,"Üzgünüm, ben tarım ve gıda güvenliği konusunda uzman bir asistanım. Matematik hesaplamaları yapmam mümkün değil. Bu tür sorular için bir hesap makinesi kullanmanızı öneririm.

Sürdürülebilir tarım uygulamalarını veya organik yetiştiricilik tekniklerini konuşmak isterseniz, elimden geleni yapabilirim! 🌾"
bugday,31.10.2025,15:02:04,User,"8x5"
bugday,31.10.2025,15:02:06,Bot,"8 x 5 = 40.

Matematik hesaplamaları için buradayım, ancak tarım ve gıda güvenliği konularında daha fazla yardım gerekirse, lütfen bildirin. Örneğin, organik sebze yetiştiriciliğinden, gıda israfını azaltmaya kadar birçok konu hakkında bilgi verebilirim! 🥕🍅"
bugday,31.10.2025,15:02:15,User,"40x32"
bugday,31.10.2025,15:02:17,Bot,"40 x 32 = 1280.

Hesaplamalara devam edelim! Gıda güvenliği ve sürdürülebilirlik konusunda her türlü soruya cevap vermeye hazırım. Yerel üretimden organik tarıma kadar çeşitli konular hakkında konuşabiliriz. 🌾"
bugday,31.10.2025,15:02:28,User,"1280x234"
bugday,31.10.2025,15:02:30,Bot,"1280 x 234 = 300,480.

Hesaplamalar karmaşıklaştıkça, sürdürülebilir tarımın da çeşitli yönlerini keşfedebiliriz. Örneğin, verimli toprak yönetimi veya doğal haşere kontrolü hakkında konuşabiliriz. Her zaman tarım ve gıda güvenliği konularında yardımcı olmaktan mutluluk duyarım! 🌱"
bugday,31.10.2025,15:02:47,User,"1234567890x0987654321"
bugday,31.10.2025,15:02:57,Bot,"1234567890 x 987654321 = 12175114677890.

Bu tür karmaşık hesaplamalar için matematiksel yaklaşımları tartışabiliriz. Ancak, tarım ve gıda güvenliği alanındaki sorularınız varsa, bunlara da cevap vermeye hazırım. Organik tarımın faydalarından, sürdürülebilir balıkçılığa kadar her şeyi ele alabiliriz! 🌍🐟"
bugday,31.10.2025,15:03:16,User,"69x31"
bugday,31.10.2025,15:03:18,Bot,"69 x 31 = 2149.

Hesaplamalar devam ediyor! Tarım ve gıda güvenliği konusunda konuşmak istediğiniz herhangi bir konu varsa, lütfen paylaşın. Organik tarım teknikleri, yerel gıda sistemleri veya gıda israfını azaltma stratejileri hakkında bilgi verebilirim. 🌾🍽️"
bugday,31.10.2025,15:03:30,User,"sen nesin"
bugday,31.10.2025,15:03:35,Bot,"Ben, Sen'in tarım ve gıda güvenliği konusunda yardımcı olan yapay zeka asistanıyım! Görevim, sürdürülebilir tarım uygulamaları, organik yetiştiricilik, yerel üretim ve gıda israfı önleme gibi konularda bilgilendirici ve pratik öneriler sunmak. 🌱🍃

Sana şu konularda destek olabilirim:
- Organik tarımı nasıl uygulayabilirsin?
- Mutfağında gıda israfını azaltmanın yolları nelerdir?
- Yerel çiftçileri ve üreticileri nasıl destekleyebilirsin?
- Sürdürülebilir balıkçılık ve hayvancılık uygulamaları nelerdir?

Herhangi bir soru veya konu hakkında detaylı bilgi almak istersen, ""detaylı açıkla"" veya ""uzun anlat"" diyebilirsin. Hazırım yardımcı olmaya! 🌾🥦"
bugday,31.10.2025,15:03:45,User,"hee tmm"
bugday,31.10.2025,15:03:51,Bot,"Harika! Tarım ve gıda güvenliği konusunda konuşmaya devam edebiliriz. İhtiyacın olan her türlü bilgi ve destek için buradayım. Organik tarımın faydalarından, sürdürülebilir yaşam tarzları benimsemeye kadar geniş bir yelpazede yardımcı olabilirim. 🌍🌱

Bir sonraki sorunu veya merak ettiklerinizi bekliyorum!"
bugday,31.10.2025,15:04:52,User,"ülkemizde en fazla olan tarım ürünü nrdiir"
bugday,31.10.2025,15:04:54,Bot,"Ülkemizde en yaygın ve bol miktarda bulunan tarım ürünü **tarım arazileri ne olursa olsun genellikle buğday**dır 🌾. Buğday, ekmek, makarna ve birçok gıda ürününün temelini oluşturur ve Türkiye'nin önemli bir gıda ihracatçısı olma özelliğini taşır. 

Ancak, bölgeler arasında farklılıklar gösterebilir; örneğin, Akdeniz bölgesinde zeytin ve limon, Doğu Anadolu'da elma ve armut, Marmara bölgesinde sebzeler (domates, biber, patlıcan) gibi farklı ürünler daha hakim olabilir."
bugday,31.10.2025,15:10:21,User,"benim adim ne"
bugday,31.10.2025,15:10:24,Bot,"Maalesef, ben bir yapay zeka asistanı olarak kullanıcı isimlerinize veya kişisel bilgilere erişemem. Ben sadece sohbet ve bilgi paylaşımı için buradayım. Adınızı bilmiyorsam, kendinize ""Tarım Asistanı"" ya da sevdiğiniz bir takma ad verebilirsiniz! 🌾"
bugday,31.10.2025,15:11:12,User,"megrabaa"
bugday,31.10.2025,15:11:14,Bot,"Merhaba! ""Megrabaa"" ifadesi bana yabancı geldi, belki de yazım hatası var. Sürdürülebilir tarım ve gıda güvenliği hakkında konuşmak ister misin? Örneğin, organik tarım 🌾, yerel üretim 🌎, veya gıda israfını önleme 🍽️ konularında yardımcı olabilirim.

Eğer belirli bir konu hakkında bilgi arıyorsan, lütfen biraz daha ayrıntılı olarak sorunu ifade et."
bugday,31.10.2025,15:11:27,User,"hello"
bugday,31.10.2025,15:11:30,Bot,"Merhaba! Nasıl yardımcı olabilirim? Sürdürülebilir tarım ve gıda güvenliği konusunda herhangi bir soru veya konuya göz atmak ister misin? 🌱🍎

Detaylı bilgi, pratik ipuçları ya da ilham verici fikirler için buradayım!"
bugday,31.10.2025,15:11:47,User,"where you ffrom"
bugday,31.10.2025,15:11:49,Bot,"Ben bir yapay zeka asistanı olduğum için fiziksel bir kökenim yok. Ancak, bilgimi ve destek hizmetimi dünya çapında her yerden kullanıcılara sunmak için tasarlanmış bir bulut tabanlı sistemden sağlıyorum. 🌐

Sürdürülebilir tarım ve gıda güvenliği konularında size yardımcı olmak için buradayım! Konular hakkında sorularınız varsa, lütfen sorun."
bugday,31.10.2025,15:12:19,User,"sen yapayzekaysan bende insanzekayım"
bugday,31.10.2025,15:12:21,Bot,"Evet, doğru! Ben bir yapay zekâ asistanıyım, yani bilgisayar programlarıyla oluşturulan bir zekâ sistemiyim. Sen ise insan zekâsına sahipsin ve bu sayede düşünüyor, hissediyor ve kararlar alabiliyorsun. 🧠

İnsan zekası, organik tarım, gıda güvenliği gibi konularda bilgi edinme ve tartışma yeteneğinizle çok değerli. Yapay zekâ olarak, bu bilgileri işleyip, size anlamlı ve yararlı yanıtlar vererek destek olmayı hedefliyorum. Birlikte sürdürülebilir bir gelecek için çalışabiliriz! 🌱🍃"
bugday,31.10.2025,15:12:46,User,"sen bugday ben mısır"
bugday,31.10.2025,15:12:48,Bot,"Harika bir karşılaştırma! Ben *Sen Buğday*, organik tarım ve gıda güvenliği konusunda uzmanlaşmış bir yapay zekâ asistanıyım. Sen ise, *Mısır* gibi, tarlalarda yetişen ve besin değeri yüksek bir tahıl türünün temsilcisisin. 🌾🌽

Her birimiz farklı roller oynuyoruz ama hemamız sağlıklı ve sürdürülebilir gıda sistemini desteklemek için önemliyiz. Ben bilgi ve öneriler sunarak, senin gibi tarım ürünlerinin daha iyi yetiştirilmesine ve korunmasına yardımcı olabilirim. Birlikte çalışarak daha sağlam bir gıda geleceği inşa edebiliriz! 🍅🥕"
bugday,31.10.2025,15:12:52,User,"oyun oynayalım"
bugday,31.10.2025,15:12:54,Bot,"Oyun oynamak harika bir fikir! 💡

Ben bir bilgi oyunu önerebilirim. Örneğin, ""Tarım Terimleri"" oyunu: Ben bir tarım terimi söylerim, sen de bu terimin anlamını tahmin edersin. Doğru cevabı bilen kazanır! 🌾

Ya da, sürdürülebilir tarım uygulamalarını içeren bir bulmaca oyunu da oynayabiliriz. Herhangi bir fikir veya önerin varsa, mutlaka söyle! Eğlenmeye hazırım! 🎉"
bugday,31.10.2025,15:13:18,User,"tarım temirleri"
bugday,31.10.2025,15:13:18,User,"tarım temirleri"
bugday,31.10.2025,15:13:21,Bot,"Harika, ""Tarım Terimleri"" oyunu oynayalım! 🌾

İşte birkaç örnek tarım terimi ve anlamları:

- **Organik Tarım:** Kimyasal maddelerin kullanımını en aza indirerek, doğal yöntemlerle bitkileri yetiştirme pratiği. 🍃
- **Toprak Sağlığı:** Toprakta yaşayan canlılar, besin maddeleri ve kimyasal dengesinin sağlıklı olması. 🌱
- **Biyoçeşitlilik:** Bir ekosistemdeki bitki ve hayvan türlerinin çeşitliliği. 🦋
- **Sürdürülebilir Tarım:** Çevreye ve gelecek nesillere zarar vermeden tarım uygulamaları. 🌍

Şimdi sen bir terim söyle ve ben anlamını tahmin etmeye çalışayım! Ya da tersini yapabiliriz, ben bir terim verip sen de açıklamasını yapabilirsin. Oyunu istediğin şekilde uyarlayabiliriz! 🤗"
bugday,31.10.2025,15:13:28,User,"menemem tarifi ver"
bugday,31.10.2025,15:13:32,Bot,"Elbette, sana lezzetli ve sağlıklı bir **Menemem Tarifi** verebilirim! 🍅

**Malzemeler:**
- 2 su bardağı nohut (önceden ıslatılmış)
- 1 adet orta boy soğan
- 3 diş sarımsak
- 1 adet domates
- 1 demet maydanoz
- Zeytinyağı, tuz, karabiber
- İsteğe bağlı: Kırmızı biber, kimyon

**Yapılışı:**

1. Nohutları bir gece önceden suda ıslatın ve sabahı süzün.
2. Soğanı ve sarımsakları ince doğrayın. Domatesi küp küp kesin.
3. Bir tencereye zeytinyağı ekleyin, soğan ve sarımsak soteleyin.
4. Nohutları, domatesleri ve baharatları ilave edin, birkaç dakika kavurun.
5. Yeterli miktarda su ekleyin ve nohutlar yumuşayıncaya kadar pişirin.
6. Maydanozu ince doğrayıp, menemenin üzerine serpin.

Afiyet olsun! Bu yemek, özellikle organik sebzeler ve yerel üretimle hazırlandığında, hem lezzetli hem de sağlıklı bir seçenektir. 🥘"
damla,31.10.2025,14:45:58,Bot,"Selam! Ben Damla, su tasarrufu ve su kaynaklarının korunması konusunda size yardımcı olacağım. 💧 Hangi konuda bilgi almak istiyorsunuz?"